Lap,Temperature,Weather,Track_Surface,Downforce_Setup,Driving_Style,Race_Strategy,Safety_Car,Competitor_Strategy,Laps_Remaining,Tire_Compound
64,43,Sunny,Rough,Medium,Balanced,Two-stop,No,Undercut,6,Soft
36,14,Cloudy,Rough,Medium,Aggressive,One-stop,No,Undercut,34,Medium
17,40,Cloudy,Moderate,Medium,Balanced,Two-stop,No,Neutral,53,Hard
56,42,Sunny,Smooth,High,Aggressive,One-stop,No,Overcut,14,Soft
66,15,Cloudy,Smooth,High,Conservative,One-stop,Yes,Undercut,4,Soft
50,25,Rainy,Rough,Medium,Aggressive,One-stop,No,Overcut,20,Wet
55,14,Sunny,Rough,Low,Conservative,Three-stop,Yes,Neutral,15,Medium
52,30,Rainy,Rough,High,Aggressive,One-stop,No,Neutral,18,Wet
20,12,Cloudy,Rough,Low,Balanced,Three-stop,No,Overcut,50,Medium
15,11,Rainy,Rough,Low,Conservative,Two-stop,Yes,Overcut,55,Wet
53,14,Mixed,Smooth,Medium,Balanced,Two-stop,No,Overcut,17,Intermediate
24,38,Rainy,Smooth,Low,Conservative,Two-stop,No,Neutral,46,Wet
28,13,Cloudy,Smooth,Low,Balanced,One-stop,Yes,Overcut,42,Medium
27,36,Sunny,Moderate,Low,Conservative,Three-stop,No,Neutral,43,Hard
5,35,Cloudy,Rough,Low,Balanced,One-stop,No,Neutral,65,Medium
52,38,Mixed,Rough,Low,Conservative,Two-stop,Yes,Overcut,18,Intermediate
56,30,Sunny,Smooth,High,Balanced,Three-stop,No,Overcut,14,Soft
48,42,Sunny,Moderate,Medium,Balanced,Two-stop,Yes,Overcut,22,Hard
38,19,Mixed,Moderate,Low,Aggressive,Three-stop,No,Overcut,32,Intermediate
52,37,Sunny,Moderate,High,Aggressive,One-stop,No,Overcut,18,Medium
66,31,Rainy,Moderate,Low,Conservative,Two-stop,No,Overcut,4,Wet
62,26,Mixed,Rough,High,Conservative,Three-stop,No,Undercut,8,Intermediate
34,20,Rainy,Rough,Low,Balanced,Two-stop,No,Undercut,36,Wet
4,19,Rainy,Rough,Medium,Aggressive,Three-stop,No,Undercut,66,Wet
21,38,Sunny,Rough,Medium,Aggressive,Three-stop,Yes,Undercut,49,Soft
61,12,Cloudy,Moderate,Low,Aggressive,Two-stop,No,Undercut,9,Soft
63,24,Sunny,Moderate,Medium,Aggressive,One-stop,Yes,Overcut,7,Soft
1,14,Cloudy,Rough,Medium,Conservative,Two-stop,Yes,Overcut,69,Medium
35,14,Sunny,Smooth,High,Balanced,Three-stop,No,Neutral,35,Medium
8,29,Rainy,Smooth,Low,Balanced,Three-stop,No,Neutral,62,Wet
12,38,Sunny,Smooth,High,Aggressive,One-stop,Yes,Undercut,58,Medium
60,33,Mixed,Rough,High,Aggressive,Two-stop,Yes,Overcut,10,Intermediate
45,40,Sunny,Smooth,Medium,Aggressive,Three-stop,Yes,Undercut,25,Soft
69,41,Rainy,Smooth,Low,Balanced,Three-stop,No,Neutral,1,Wet
21,27,Mixed,Smooth,Low,Aggressive,One-stop,No,Neutral,49,Intermediate
51,20,Mixed,Smooth,High,Aggressive,Three-stop,No,Overcut,19,Intermediate
17,33,Cloudy,Moderate,Low,Aggressive,Two-stop,No,Overcut,53,Medium
32,38,Cloudy,Smooth,Medium,Conservative,Two-stop,Yes,Overcut,38,Hard
42,19,Rainy,Moderate,Low,Balanced,One-stop,Yes,Undercut,28,Wet
13,20,Cloudy,Moderate,High,Conservative,Two-stop,No,Overcut,57,Medium
21,32,Rainy,Rough,High,Aggressive,One-stop,No,Neutral,49,Wet
19,27,Cloudy,Smooth,Low,Aggressive,Three-stop,No,Undercut,51,Medium
21,26,Sunny,Smooth,Low,Conservative,Two-stop,Yes,Undercut,49,Medium
4,17,Rainy,Moderate,Low,Aggressive,Two-stop,No,Overcut,66,Wet
32,35,Rainy,Rough,High,Aggressive,Three-stop,No,Neutral,38,Wet
4,19,Sunny,Rough,Medium,Conservative,Two-stop,Yes,Overcut,66,Medium
23,20,Rainy,Moderate,High,Balanced,Three-stop,No,Neutral,47,Wet
63,26,Sunny,Moderate,Medium,Conservative,Two-stop,Yes,Undercut,7,Soft
41,43,Sunny,Rough,Medium,Aggressive,One-stop,No,Undercut,29,Medium
48,19,Rainy,Rough,High,Balanced,One-stop,Yes,Overcut,22,Wet
33,12,Mixed,Smooth,High,Aggressive,One-stop,No,Neutral,37,Intermediate
19,17,Mixed,Smooth,Low,Balanced,Two-stop,No,Undercut,51,Intermediate
64,22,Cloudy,Moderate,High,Conservative,Three-stop,No,Neutral,6,Soft
40,29,Rainy,Rough,Low,Balanced,Two-stop,No,Undercut,30,Wet
33,20,Mixed,Moderate,High,Balanced,Two-stop,Yes,Undercut,37,Intermediate
53,43,Mixed,Rough,High,Balanced,One-stop,No,Undercut,17,Intermediate
18,14,Rainy,Moderate,Medium,Conservative,One-stop,No,Overcut,52,Wet
24,18,Mixed,Smooth,High,Aggressive,Two-stop,Yes,Undercut,46,Intermediate
63,25,Cloudy,Rough,Medium,Balanced,One-stop,No,Overcut,7,Soft
3,29,Mixed,Moderate,High,Aggressive,Three-stop,Yes,Neutral,67,Intermediate
4,43,Sunny,Rough,Low,Conservative,Two-stop,Yes,Neutral,66,Hard
7,15,Sunny,Smooth,High,Balanced,Three-stop,Yes,Neutral,63,Medium
47,32,Sunny,Rough,Medium,Conservative,Three-stop,No,Undercut,23,Soft
32,40,Cloudy,Rough,Medium,Conservative,Three-stop,No,Neutral,38,Hard
67,33,Mixed,Rough,High,Conservative,Two-stop,Yes,Undercut,3,Intermediate
12,34,Cloudy,Smooth,High,Balanced,Two-stop,No,Neutral,58,Medium
62,21,Cloudy,Smooth,Low,Conservative,Two-stop,Yes,Neutral,8,Soft
69,16,Cloudy,Moderate,Low,Aggressive,One-stop,No,Overcut,1,Soft
43,24,Cloudy,Rough,High,Conservative,One-stop,Yes,Undercut,27,Hard
4,26,Cloudy,Rough,High,Conservative,One-stop,Yes,Overcut,66,Medium
39,11,Sunny,Rough,Medium,Balanced,Two-stop,Yes,Overcut,31,Medium
28,23,Rainy,Rough,High,Aggressive,One-stop,Yes,Neutral,42,Wet
52,11,Sunny,Moderate,High,Conservative,Three-stop,Yes,Overcut,18,Medium
19,15,Rainy,Moderate,Low,Balanced,One-stop,No,Neutral,51,Wet
15,40,Rainy,Rough,Low,Balanced,Three-stop,Yes,Undercut,55,Wet
30,43,Rainy,Smooth,High,Conservative,Two-stop,No,Neutral,40,Wet
2,15,Sunny,Smooth,High,Balanced,Three-stop,No,Neutral,68,Medium
47,18,Mixed,Rough,Medium,Conservative,Three-stop,No,Neutral,23,Intermediate
35,44,Cloudy,Smooth,Medium,Balanced,One-stop,No,Neutral,35,Hard
35,43,Rainy,Rough,Medium,Aggressive,Two-stop,Yes,Undercut,35,Wet
62,21,Mixed,Moderate,High,Balanced,Two-stop,Yes,Overcut,8,Intermediate
26,25,Rainy,Moderate,Medium,Balanced,One-stop,No,Neutral,44,Wet
54,37,Rainy,Smooth,Medium,Conservative,Three-stop,Yes,Undercut,16,Wet
50,24,Mixed,Rough,Medium,Aggressive,Two-stop,Yes,Undercut,20,Intermediate
24,34,Sunny,Smooth,High,Balanced,One-stop,No,Overcut,46,Medium
21,25,Rainy,Rough,Low,Balanced,Three-stop,No,Neutral,49,Wet
16,27,Mixed,Smooth,High,Conservative,One-stop,No,Overcut,54,Intermediate
53,31,Cloudy,Rough,High,Aggressive,Two-stop,Yes,Neutral,17,Soft
20,34,Mixed,Rough,Low,Aggressive,One-stop,No,Overcut,50,Intermediate
38,30,Rainy,Rough,Low,Balanced,Three-stop,No,Overcut,32,Wet
18,10,Cloudy,Moderate,Medium,Aggressive,One-stop,No,Undercut,52,Medium
5,26,Rainy,Smooth,Medium,Conservative,Two-stop,Yes,Overcut,65,Wet
63,35,Cloudy,Smooth,Low,Aggressive,Three-stop,No,Overcut,7,Soft
17,27,Sunny,Rough,Low,Balanced,Two-stop,No,Overcut,53,Soft
29,36,Cloudy,Smooth,High,Balanced,Three-stop,No,Undercut,41,Hard
40,31,Sunny,Moderate,Medium,Conservative,One-stop,No,Undercut,30,Medium
56,16,Rainy,Rough,High,Conservative,Three-stop,No,Neutral,14,Wet
55,24,Sunny,Smooth,High,Balanced,Three-stop,Yes,Undercut,15,Medium
53,39,Mixed,Smooth,High,Balanced,One-stop,No,Overcut,17,Intermediate
2,41,Cloudy,Rough,Medium,Balanced,Three-stop,Yes,Neutral,68,Hard
41,37,Rainy,Smooth,Low,Aggressive,Two-stop,Yes,Undercut,29,Wet
19,17,Rainy,Moderate,Low,Aggressive,Two-stop,Yes,Neutral,51,Wet
4,33,Sunny,Smooth,High,Conservative,Two-stop,No,Overcut,66,Medium
36,42,Cloudy,Smooth,Low,Aggressive,Two-stop,Yes,Overcut,34,Soft
62,11,Cloudy,Smooth,High,Aggressive,One-stop,Yes,Overcut,8,Soft
66,35,Rainy,Rough,Medium,Aggressive,One-stop,Yes,Overcut,4,Wet
30,41,Cloudy,Smooth,High,Conservative,One-stop,Yes,Neutral,40,Hard
5,14,Cloudy,Rough,Low,Conservative,Two-stop,Yes,Neutral,65,Medium
51,23,Mixed,Smooth,Low,Balanced,Two-stop,No,Undercut,19,Intermediate
59,29,Cloudy,Rough,Low,Conservative,Three-stop,No,Overcut,11,Soft
54,28,Rainy,Moderate,Medium,Balanced,Two-stop,No,Neutral,16,Wet
12,38,Mixed,Smooth,Low,Aggressive,One-stop,No,Undercut,58,Intermediate
37,19,Rainy,Smooth,High,Balanced,One-stop,Yes,Undercut,33,Wet
6,31,Sunny,Moderate,High,Aggressive,Two-stop,No,Neutral,64,Medium
52,15,Mixed,Smooth,High,Conservative,Three-stop,No,Undercut,18,Intermediate
39,20,Sunny,Rough,Medium,Conservative,Three-stop,No,Neutral,31,Medium
8,14,Mixed,Moderate,High,Conservative,Two-stop,No,Neutral,62,Intermediate
61,10,Cloudy,Moderate,Medium,Balanced,One-stop,No,Neutral,9,Soft
24,42,Rainy,Smooth,Low,Aggressive,Three-stop,No,Undercut,46,Wet
36,18,Sunny,Smooth,Low,Aggressive,One-stop,No,Overcut,34,Medium
8,34,Mixed,Rough,High,Aggressive,Three-stop,No,Overcut,62,Intermediate
12,11,Rainy,Smooth,Low,Balanced,Two-stop,Yes,Overcut,58,Wet
16,26,Rainy,Smooth,High,Conservative,Two-stop,No,Neutral,54,Wet
6,10,Rainy,Smooth,Medium,Conservative,Two-stop,No,Overcut,64,Wet
69,15,Rainy,Smooth,Medium,Conservative,Three-stop,No,Overcut,1,Wet
6,23,Mixed,Moderate,High,Aggressive,Three-stop,No,Overcut,64,Intermediate
23,26,Sunny,Smooth,Medium,Balanced,Three-stop,Yes,Neutral,47,Medium
19,37,Sunny,Smooth,High,Balanced,Two-stop,Yes,Undercut,51,Hard
59,18,Cloudy,Moderate,Low,Balanced,One-stop,Yes,Overcut,11,Soft
62,33,Cloudy,Rough,Medium,Balanced,Two-stop,No,Undercut,8,Soft
8,10,Mixed,Moderate,Low,Balanced,Two-stop,Yes,Undercut,62,Intermediate
63,44,Sunny,Smooth,Low,Balanced,One-stop,Yes,Overcut,7,Soft
55,28,Cloudy,Smooth,High,Balanced,Three-stop,Yes,Neutral,15,Medium
53,21,Sunny,Rough,Medium,Conservative,Two-stop,Yes,Undercut,17,Medium
52,20,Sunny,Smooth,Medium,Aggressive,Two-stop,No,Undercut,18,Medium
49,42,Mixed,Smooth,High,Balanced,Three-stop,No,Neutral,21,Intermediate
41,30,Cloudy,Smooth,Low,Conservative,One-stop,No,Undercut,29,Medium
29,23,Mixed,Moderate,High,Conservative,One-stop,No,Undercut,41,Intermediate
43,10,Rainy,Rough,Medium,Conservative,Three-stop,No,Overcut,27,Wet
24,21,Rainy,Rough,Medium,Balanced,Two-stop,No,Neutral,46,Wet
38,16,Sunny,Smooth,High,Conservative,Three-stop,Yes,Undercut,32,Medium
12,33,Mixed,Rough,Low,Balanced,One-stop,Yes,Undercut,58,Intermediate
16,27,Sunny,Rough,High,Conservative,One-stop,No,Neutral,54,Medium
28,27,Cloudy,Moderate,High,Conservative,Two-stop,No,Overcut,42,Medium
43,39,Mixed,Smooth,Medium,Aggressive,Three-stop,No,Undercut,27,Intermediate
64,22,Mixed,Smooth,Low,Conservative,One-stop,No,Undercut,6,Intermediate
69,38,Sunny,Smooth,High,Aggressive,Two-stop,Yes,Neutral,1,Soft
41,40,Rainy,Smooth,Medium,Conservative,Two-stop,No,Undercut,29,Wet
48,25,Sunny,Moderate,Low,Aggressive,One-stop,Yes,Overcut,22,Medium
29,36,Mixed,Moderate,High,Balanced,One-stop,Yes,Undercut,41,Intermediate
20,15,Mixed,Moderate,Medium,Balanced,One-stop,Yes,Neutral,50,Intermediate
46,41,Sunny,Rough,Low,Aggressive,Two-stop,No,Overcut,24,Soft
15,27,Mixed,Smooth,Low,Balanced,Two-stop,No,Overcut,55,Intermediate
41,44,Cloudy,Smooth,Low,Balanced,Two-stop,Yes,Neutral,29,Hard
25,39,Sunny,Smooth,Medium,Balanced,One-stop,Yes,Undercut,45,Hard
1,23,Sunny,Rough,High,Conservative,Three-stop,No,Undercut,69,Medium
65,21,Mixed,Smooth,Low,Balanced,Two-stop,No,Undercut,5,Intermediate
23,35,Sunny,Smooth,Low,Aggressive,One-stop,Yes,Undercut,47,Medium
68,13,Sunny,Smooth,Medium,Aggressive,Two-stop,Yes,Undercut,2,Soft
52,22,Mixed,Smooth,Medium,Balanced,Two-stop,No,Overcut,18,Intermediate
24,22,Rainy,Smooth,Medium,Conservative,Three-stop,Yes,Overcut,46,Wet
53,35,Rainy,Smooth,High,Conservative,Two-stop,No,Neutral,17,Wet
27,43,Sunny,Rough,Medium,Aggressive,Two-stop,Yes,Undercut,43,Soft
23,35,Sunny,Rough,High,Conservative,Three-stop,No,Overcut,47,Soft
68,29,Mixed,Smooth,High,Conservative,Two-stop,No,Overcut,2,Intermediate
55,38,Mixed,Smooth,Low,Aggressive,One-stop,Yes,Overcut,15,Intermediate
24,17,Sunny,Moderate,High,Balanced,One-stop,Yes,Undercut,46,Hard
7,43,Cloudy,Smooth,High,Aggressive,Two-stop,No,Neutral,63,Soft
50,20,Mixed,Smooth,High,Aggressive,One-stop,No,Neutral,20,Intermediate
45,23,Rainy,Moderate,Low,Conservative,One-stop,Yes,Undercut,25,Wet
24,23,Cloudy,Smooth,High,Conservative,Three-stop,No,Overcut,46,Medium
42,31,Cloudy,Moderate,Low,Aggressive,Two-stop,No,Neutral,28,Medium
44,13,Rainy,Moderate,Low,Aggressive,Three-stop,No,Undercut,26,Wet
59,34,Mixed,Rough,Medium,Balanced,Two-stop,No,Undercut,11,Intermediate
22,14,Rainy,Smooth,Low,Aggressive,One-stop,No,Undercut,48,Wet
19,22,Mixed,Rough,Medium,Aggressive,Two-stop,Yes,Neutral,51,Intermediate
8,21,Rainy,Smooth,Low,Aggressive,One-stop,No,Undercut,62,Wet
65,35,Sunny,Rough,High,Balanced,One-stop,No,Overcut,5,Soft
34,20,Sunny,Smooth,Medium,Conservative,One-stop,No,Undercut,36,Hard
66,31,Sunny,Rough,Low,Aggressive,Three-stop,No,Neutral,4,Soft
51,22,Mixed,Rough,Low,Aggressive,Two-stop,No,Neutral,19,Intermediate
62,27,Mixed,Smooth,Low,Aggressive,One-stop,Yes,Neutral,8,Intermediate
60,25,Mixed,Smooth,High,Aggressive,One-stop,No,Undercut,10,Intermediate
59,14,Sunny,Rough,High,Aggressive,Three-stop,Yes,Undercut,11,Soft
41,18,Mixed,Rough,High,Aggressive,Three-stop,Yes,Undercut,29,Intermediate
22,25,Mixed,Rough,High,Aggressive,Two-stop,Yes,Overcut,48,Intermediate
62,44,Sunny,Moderate,Low,Balanced,Two-stop,No,Neutral,8,Soft
27,40,Cloudy,Rough,Low,Aggressive,Two-stop,No,Neutral,43,Soft
19,22,Cloudy,Moderate,Low,Conservative,Two-stop,No,Neutral,51,Medium
38,12,Rainy,Moderate,Medium,Conservative,One-stop,No,Undercut,32,Wet
39,43,Sunny,Rough,High,Aggressive,Two-stop,No,Undercut,31,Soft
2,30,Mixed,Rough,Low,Aggressive,One-stop,No,Overcut,68,Intermediate
13,19,Rainy,Smooth,Medium,Aggressive,Two-stop,Yes,Neutral,57,Wet
52,41,Cloudy,Rough,Medium,Balanced,Three-stop,Yes,Overcut,18,Hard
65,36,Mixed,Rough,Low,Balanced,Three-stop,Yes,Neutral,5,Intermediate
18,35,Mixed,Moderate,Low,Conservative,Three-stop,Yes,Neutral,52,Intermediate
46,26,Cloudy,Moderate,Medium,Balanced,One-stop,Yes,Neutral,24,Medium
28,29,Rainy,Moderate,Medium,Aggressive,Two-stop,No,Undercut,42,Wet
6,35,Rainy,Rough,Low,Aggressive,One-stop,No,Undercut,64,Wet
47,26,Rainy,Smooth,Medium,Balanced,One-stop,No,Neutral,23,Wet
62,18,Cloudy,Smooth,High,Balanced,One-stop,Yes,Undercut,8,Soft
13,28,Mixed,Smooth,High,Conservative,Three-stop,No,Undercut,57,Intermediate
50,10,Mixed,Smooth,Low,Balanced,One-stop,No,Undercut,20,Intermediate
16,19,Mixed,Rough,Medium,Balanced,Three-stop,No,Overcut,54,Intermediate
51,22,Sunny,Smooth,High,Balanced,Two-stop,Yes,Neutral,19,Medium
25,16,Cloudy,Rough,Low,Conservative,Two-stop,No,Neutral,45,Medium
49,13,Mixed,Smooth,Medium,Balanced,One-stop,Yes,Neutral,21,Intermediate
19,31,Sunny,Moderate,High,Aggressive,Three-stop,Yes,Neutral,51,Medium
6,35,Rainy,Moderate,Low,Balanced,Two-stop,No,Overcut,64,Wet
58,11,Sunny,Rough,Medium,Conservative,Two-stop,Yes,Overcut,12,Soft
19,37,Cloudy,Smooth,High,Conservative,Three-stop,Yes,Overcut,51,Hard
49,37,Sunny,Rough,Low,Balanced,One-stop,No,Neutral,21,Hard
9,26,Cloudy,Moderate,Low,Balanced,One-stop,No,Overcut,61,Medium
60,41,Cloudy,Smooth,Low,Balanced,Two-stop,No,Overcut,10,Soft
51,42,Rainy,Moderate,High,Aggressive,Three-stop,No,Overcut,19,Wet
64,35,Mixed,Moderate,Medium,Aggressive,Three-stop,No,Undercut,6,Intermediate
7,44,Rainy,Moderate,High,Conservative,One-stop,Yes,Undercut,63,Wet
27,32,Mixed,Rough,Low,Aggressive,One-stop,Yes,Overcut,43,Intermediate
57,44,Mixed,Smooth,Medium,Conservative,One-stop,Yes,Neutral,13,Intermediate
25,13,Mixed,Rough,High,Balanced,One-stop,Yes,Neutral,45,Intermediate
49,26,Cloudy,Rough,Low,Conservative,One-stop,Yes,Overcut,21,Medium
53,17,Cloudy,Moderate,Low,Balanced,One-stop,Yes,Neutral,17,Medium
36,29,Mixed,Rough,High,Conservative,Two-stop,Yes,Undercut,34,Intermediate
27,32,Mixed,Rough,High,Conservative,Three-stop,Yes,Overcut,43,Intermediate
62,18,Rainy,Rough,Medium,Aggressive,Two-stop,Yes,Overcut,8,Wet
16,17,Cloudy,Smooth,Medium,Balanced,Two-stop,No,Undercut,54,Medium
5,39,Cloudy,Rough,Low,Aggressive,Two-stop,Yes,Undercut,65,Soft
48,44,Sunny,Smooth,Low,Aggressive,Two-stop,No,Overcut,22,Soft
56,44,Mixed,Moderate,High,Conservative,One-stop,No,Neutral,14,Intermediate
58,21,Mixed,Moderate,High,Balanced,Three-stop,Yes,Overcut,12,Intermediate
43,16,Sunny,Moderate,Medium,Balanced,One-stop,Yes,Overcut,27,Medium
51,24,Sunny,Smooth,Medium,Balanced,Three-stop,Yes,Neutral,19,Medium
63,43,Rainy,Smooth,Low,Balanced,One-stop,Yes,Undercut,7,Wet
58,32,Rainy,Moderate,High,Balanced,Three-stop,No,Neutral,12,Wet
23,40,Cloudy,Moderate,High,Balanced,Two-stop,No,Overcut,47,Hard
64,33,Mixed,Smooth,Medium,Balanced,Two-stop,Yes,Undercut,6,Intermediate
52,33,Cloudy,Rough,Medium,Conservative,One-stop,Yes,Neutral,18,Medium
48,24,Mixed,Rough,High,Conservative,One-stop,No,Overcut,22,Intermediate
41,30,Mixed,Smooth,Low,Balanced,Three-stop,Yes,Overcut,29,Intermediate
52,15,Rainy,Smooth,Medium,Aggressive,Two-stop,No,Undercut,18,Wet
33,43,Cloudy,Rough,High,Aggressive,Three-stop,No,Undercut,37,Soft
21,10,Mixed,Moderate,Medium,Balanced,Two-stop,Yes,Overcut,49,Intermediate
59,38,Sunny,Moderate,Medium,Aggressive,Two-stop,No,Undercut,11,Soft
21,37,Mixed,Smooth,High,Conservative,Three-stop,Yes,Neutral,49,Intermediate
17,15,Rainy,Smooth,Medium,Conservative,Three-stop,No,Neutral,53,Wet
17,39,Mixed,Moderate,Medium,Balanced,Two-stop,No,Neutral,53,Intermediate
55,28,Cloudy,Rough,Low,Conservative,One-stop,Yes,Neutral,15,Medium
59,18,Sunny,Rough,Low,Conservative,Three-stop,No,Neutral,11,Soft
63,32,Mixed,Moderate,Medium,Aggressive,Three-stop,Yes,Undercut,7,Intermediate
47,22,Rainy,Smooth,High,Balanced,Two-stop,Yes,Overcut,23,Wet
45,35,Mixed,Smooth,Medium,Aggressive,One-stop,Yes,Overcut,25,Intermediate
68,25,Rainy,Moderate,Medium,Conservative,Two-stop,Yes,Undercut,2,Wet
51,27,Mixed,Moderate,Medium,Balanced,One-stop,No,Overcut,19,Intermediate
32,34,Sunny,Moderate,Medium,Aggressive,Two-stop,No,Neutral,38,Medium
61,22,Mixed,Rough,Medium,Aggressive,One-stop,No,Overcut,9,Intermediate
16,38,Cloudy,Smooth,Low,Balanced,One-stop,No,Undercut,54,Hard
46,24,Cloudy,Rough,Medium,Conservative,Three-stop,No,Overcut,24,Medium
36,20,Cloudy,Smooth,Low,Aggressive,One-stop,Yes,Undercut,34,Medium
52,29,Mixed,Moderate,High,Conservative,One-stop,No,Undercut,18,Intermediate
68,29,Sunny,Rough,Medium,Balanced,Three-stop,Yes,Neutral,2,Soft
9,11,Mixed,Rough,High,Conservative,Three-stop,No,Overcut,61,Intermediate
29,32,Cloudy,Moderate,Medium,Conservative,Three-stop,Yes,Neutral,41,Medium
65,14,Mixed,Moderate,Low,Aggressive,Three-stop,No,Overcut,5,Intermediate
34,44,Sunny,Moderate,High,Balanced,Three-stop,No,Neutral,36,Hard
33,26,Mixed,Rough,High,Conservative,Two-stop,Yes,Neutral,37,Intermediate
15,21,Sunny,Smooth,Low,Conservative,One-stop,Yes,Neutral,55,Hard
36,35,Mixed,Smooth,Medium,Aggressive,Three-stop,No,Neutral,34,Intermediate
36,11,Mixed,Rough,Low,Conservative,Three-stop,Yes,Neutral,34,Intermediate
1,19,Rainy,Moderate,Low,Aggressive,Three-stop,Yes,Undercut,69,Wet
39,21,Rainy,Moderate,High,Aggressive,One-stop,Yes,Undercut,31,Wet
26,25,Rainy,Moderate,Low,Aggressive,One-stop,No,Neutral,44,Wet
62,28,Mixed,Moderate,High,Conservative,Two-stop,No,Overcut,8,Intermediate
61,16,Mixed,Moderate,Low,Balanced,Two-stop,No,Overcut,9,Intermediate
33,21,Mixed,Smooth,Low,Balanced,Two-stop,No,Neutral,37,Intermediate
17,23,Sunny,Rough,Medium,Conservative,One-stop,No,Overcut,53,Hard
33,32,Cloudy,Rough,High,Aggressive,Two-stop,Yes,Overcut,37,Soft
29,16,Rainy,Moderate,High,Conservative,Two-stop,Yes,Undercut,41,Wet
13,31,Rainy,Smooth,Low,Balanced,One-stop,No,Overcut,57,Wet
14,34,Cloudy,Moderate,Medium,Balanced,Two-stop,No,Overcut,56,Medium
34,10,Mixed,Smooth,Low,Aggressive,Two-stop,No,Overcut,36,Intermediate
50,13,Sunny,Rough,Medium,Aggressive,One-stop,No,Undercut,20,Medium
44,40,Cloudy,Smooth,Low,Aggressive,Three-stop,Yes,Overcut,26,Soft
2,31,Rainy,Smooth,Low,Conservative,Three-stop,Yes,Undercut,68,Wet
67,40,Cloudy,Moderate,Medium,Aggressive,Three-stop,No,Neutral,3,Soft
28,39,Sunny,Moderate,Low,Aggressive,Three-stop,No,Overcut,42,Soft
44,40,Mixed,Rough,Low,Aggressive,Two-stop,No,Neutral,26,Intermediate
60,36,Cloudy,Moderate,Low,Conservative,Three-stop,No,Undercut,10,Soft
55,22,Sunny,Smooth,High,Aggressive,One-stop,No,Undercut,15,Hard
17,39,Mixed,Smooth,Medium,Aggressive,One-stop,Yes,Neutral,53,Intermediate
39,30,Cloudy,Smooth,Medium,Aggressive,Three-stop,Yes,Undercut,31,Medium
31,15,Sunny,Rough,Low,Conservative,One-stop,Yes,Undercut,39,Hard
12,23,Rainy,Smooth,Medium,Balanced,Three-stop,Yes,Overcut,58,Wet
33,13,Sunny,Smooth,Low,Balanced,Three-stop,No,Overcut,37,Medium
5,17,Mixed,Rough,Medium,Aggressive,Three-stop,No,Undercut,65,Intermediate
37,11,Mixed,Smooth,High,Balanced,Three-stop,No,Overcut,33,Intermediate
19,33,Mixed,Moderate,Low,Balanced,Two-stop,No,Overcut,51,Intermediate
16,20,Cloudy,Rough,Medium,Aggressive,Two-stop,Yes,Overcut,54,Medium
21,42,Sunny,Smooth,Low,Balanced,Three-stop,Yes,Overcut,49,Hard
62,40,Sunny,Smooth,Medium,Balanced,Three-stop,Yes,Neutral,8,Soft
11,43,Rainy,Rough,Medium,Balanced,Three-stop,No,Overcut,59,Wet
59,38,Cloudy,Rough,Low,Balanced,Two-stop,Yes,Neutral,11,Soft
36,24,Mixed,Moderate,Medium,Aggressive,Two-stop,No,Overcut,34,Intermediate
12,27,Cloudy,Rough,Medium,Conservative,One-stop,Yes,Undercut,58,Medium
17,40,Rainy,Moderate,Low,Conservative,Three-stop,No,Overcut,53,Wet
30,39,Sunny,Smooth,High,Conservative,Three-stop,Yes,Undercut,40,Hard
10,27,Sunny,Rough,Low,Aggressive,One-stop,No,Neutral,60,Medium
23,25,Mixed,Rough,Low,Balanced,Three-stop,Yes,Overcut,47,Intermediate
24,18,Mixed,Rough,High,Balanced,One-stop,Yes,Undercut,46,Intermediate
29,30,Cloudy,Rough,Medium,Balanced,One-stop,Yes,Undercut,41,Medium
64,27,Mixed,Rough,Low,Conservative,Three-stop,Yes,Undercut,6,Intermediate
30,34,Sunny,Smooth,Low,Conservative,Three-stop,No,Neutral,40,Medium
60,21,Cloudy,Smooth,Medium,Balanced,Two-stop,Yes,Undercut,10,Soft
19,11,Rainy,Moderate,Low,Conservative,Two-stop,No,Overcut,51,Wet
33,39,Cloudy,Rough,High,Conservative,Two-stop,No,Neutral,37,Hard
60,43,Rainy,Rough,Medium,Balanced,One-stop,Yes,Neutral,10,Wet
50,41,Cloudy,Rough,High,Aggressive,Three-stop,Yes,Neutral,20,Soft
68,34,Sunny,Rough,High,Conservative,Three-stop,No,Overcut,2,Soft
67,13,Rainy,Rough,High,Aggressive,Three-stop,Yes,Overcut,3,Wet
14,33,Sunny,Moderate,High,Conservative,One-stop,Yes,Neutral,56,Medium
15,11,Mixed,Rough,Medium,Aggressive,One-stop,Yes,Overcut,55,Intermediate
22,34,Sunny,Moderate,High,Conservative,One-stop,No,Undercut,48,Medium
48,25,Sunny,Smooth,High,Aggressive,Three-stop,No,Undercut,22,Medium
20,27,Rainy,Smooth,High,Conservative,Three-stop,No,Overcut,50,Wet
55,36,Cloudy,Moderate,High,Conservative,One-stop,No,Undercut,15,Hard
30,12,Cloudy,Rough,Low,Conservative,One-stop,No,Neutral,40,Hard
6,35,Sunny,Smooth,Low,Balanced,Three-stop,No,Neutral,64,Medium
55,35,Rainy,Moderate,High,Aggressive,Three-stop,Yes,Undercut,15,Wet
9,44,Cloudy,Smooth,Medium,Balanced,Three-stop,Yes,Undercut,61,Hard
66,16,Mixed,Rough,Low,Aggressive,Two-stop,Yes,Neutral,4,Intermediate
37,17,Rainy,Moderate,Medium,Balanced,Three-stop,Yes,Overcut,33,Wet
30,23,Rainy,Rough,Medium,Balanced,Three-stop,Yes,Undercut,40,Wet
60,28,Mixed,Rough,High,Conservative,Two-stop,Yes,Neutral,10,Intermediate
10,10,Mixed,Moderate,High,Balanced,One-stop,No,Neutral,60,Intermediate
9,39,Cloudy,Moderate,High,Aggressive,One-stop,No,Undercut,61,Medium
56,39,Cloudy,Smooth,Medium,Conservative,Three-stop,Yes,Overcut,14,Soft
13,15,Cloudy,Rough,Low,Conservative,One-stop,No,Overcut,57,Hard
59,22,Rainy,Rough,High,Balanced,Three-stop,Yes,Neutral,11,Wet
1,18,Cloudy,Smooth,Medium,Conservative,Three-stop,No,Undercut,69,Medium
66,44,Rainy,Rough,Low,Balanced,Three-stop,No,Neutral,4,Wet
12,25,Mixed,Moderate,Low,Conservative,Two-stop,No,Overcut,58,Intermediate
57,13,Mixed,Smooth,High,Aggressive,Two-stop,No,Neutral,13,Intermediate
54,38,Mixed,Smooth,High,Balanced,Three-stop,Yes,Neutral,16,Intermediate
30,27,Sunny,Rough,Medium,Conservative,Two-stop,No,Neutral,40,Soft
54,33,Mixed,Moderate,High,Aggressive,Three-stop,Yes,Overcut,16,Intermediate
59,16,Cloudy,Moderate,Medium,Balanced,Three-stop,Yes,Overcut,11,Soft
16,19,Rainy,Rough,Low,Balanced,One-stop,Yes,Neutral,54,Wet
61,11,Mixed,Smooth,Low,Conservative,Three-stop,No,Neutral,9,Intermediate
29,30,Cloudy,Moderate,Low,Conservative,One-stop,Yes,Undercut,41,Medium
39,13,Sunny,Rough,High,Balanced,One-stop,No,Overcut,31,Hard
28,40,Rainy,Moderate,Low,Balanced,One-stop,Yes,Overcut,42,Wet
32,31,Mixed,Rough,High,Balanced,Three-stop,Yes,Neutral,38,Intermediate
66,44,Sunny,Rough,High,Balanced,Two-stop,Yes,Undercut,4,Soft
44,20,Mixed,Smooth,High,Balanced,Three-stop,Yes,Overcut,26,Intermediate
44,38,Rainy,Smooth,Low,Aggressive,Three-stop,Yes,Neutral,26,Wet
38,29,Mixed,Moderate,Medium,Balanced,Three-stop,Yes,Neutral,32,Intermediate
43,24,Rainy,Rough,Low,Aggressive,One-stop,Yes,Neutral,27,Wet
39,36,Cloudy,Smooth,Medium,Conservative,One-stop,Yes,Neutral,31,Hard
67,11,Cloudy,Smooth,Medium,Aggressive,One-stop,No,Undercut,3,Soft
35,43,Sunny,Rough,High,Aggressive,Two-stop,No,Undercut,35,Soft
48,28,Rainy,Rough,Medium,Aggressive,Three-stop,Yes,Neutral,22,Wet
60,12,Mixed,Moderate,High,Balanced,Three-stop,Yes,Neutral,10,Intermediate
20,29,Sunny,Moderate,High,Balanced,Two-stop,Yes,Neutral,50,Medium
33,13,Rainy,Rough,Low,Aggressive,Three-stop,Yes,Undercut,37,Wet
66,24,Cloudy,Moderate,Medium,Aggressive,Two-stop,Yes,Neutral,4,Soft
53,19,Mixed,Rough,High,Conservative,Three-stop,No,Undercut,17,Intermediate
52,16,Sunny,Smooth,High,Conservative,Three-stop,No,Undercut,18,Medium
14,28,Mixed,Rough,Low,Aggressive,Two-stop,No,Overcut,56,Intermediate
15,10,Rainy,Rough,Medium,Aggressive,One-stop,Yes,Undercut,55,Wet
62,12,Cloudy,Moderate,Low,Conservative,Two-stop,No,Undercut,8,Soft
8,26,Mixed,Smooth,Medium,Aggressive,Two-stop,No,Undercut,62,Intermediate
39,44,Sunny,Moderate,Low,Conservative,Two-stop,No,Undercut,31,Hard
6,38,Cloudy,Moderate,Low,Aggressive,One-stop,Yes,Neutral,64,Medium
64,17,Rainy,Moderate,Low,Balanced,Three-stop,Yes,Undercut,6,Wet
2,26,Cloudy,Moderate,Medium,Conservative,Three-stop,No,Undercut,68,Medium
64,24,Cloudy,Moderate,Medium,Balanced,One-stop,No,Overcut,6,Soft
49,26,Sunny,Smooth,Low,Aggressive,One-stop,Yes,Undercut,21,Medium
59,31,Rainy,Rough,High,Conservative,One-stop,No,Overcut,11,Wet
9,12,Sunny,Moderate,Low,Aggressive,Three-stop,No,Overcut,61,Medium
40,34,Rainy,Moderate,Medium,Balanced,One-stop,Yes,Neutral,30,Wet
17,34,Mixed,Moderate,High,Conservative,Two-stop,Yes,Overcut,53,Intermediate
54,20,Cloudy,Rough,High,Balanced,Three-stop,No,Overcut,16,Medium
59,26,Cloudy,Smooth,Medium,Aggressive,Two-stop,Yes,Overcut,11,Soft
63,39,Cloudy,Rough,Low,Conservative,Two-stop,Yes,Neutral,7,Soft
11,38,Cloudy,Smooth,High,Aggressive,Three-stop,Yes,Overcut,59,Soft
23,10,Cloudy,Smooth,Low,Aggressive,Two-stop,No,Undercut,47,Medium
35,41,Mixed,Rough,Medium,Conservative,One-stop,No,Overcut,35,Intermediate
58,17,Mixed,Rough,Low,Conservative,Three-stop,Yes,Overcut,12,Intermediate
29,28,Sunny,Smooth,Medium,Balanced,One-stop,Yes,Neutral,41,Medium
14,21,Cloudy,Moderate,Medium,Conservative,One-stop,No,Neutral,56,Hard
20,24,Rainy,Moderate,Low,Conservative,Two-stop,No,Neutral,50,Wet
28,12,Mixed,Rough,Medium,Conservative,Three-stop,No,Neutral,42,Intermediate
36,18,Rainy,Smooth,Low,Balanced,Three-stop,Yes,Overcut,34,Wet
61,24,Mixed,Moderate,Medium,Balanced,One-stop,No,Overcut,9,Intermediate
11,33,Mixed,Smooth,Low,Balanced,Two-stop,Yes,Neutral,59,Intermediate
43,36,Cloudy,Rough,Low,Balanced,Three-stop,Yes,Neutral,27,Hard
2,27,Rainy,Rough,Medium,Aggressive,Two-stop,No,Overcut,68,Wet
39,41,Mixed,Rough,Medium,Aggressive,One-stop,No,Neutral,31,Intermediate
17,15,Cloudy,Rough,Medium,Conservative,Two-stop,Yes,Undercut,53,Medium
49,25,Rainy,Smooth,Low,Balanced,Two-stop,No,Neutral,21,Wet
26,18,Cloudy,Rough,Low,Balanced,Three-stop,No,Undercut,44,Medium
22,41,Sunny,Smooth,Low,Aggressive,Three-stop,No,Undercut,48,Soft
44,39,Sunny,Rough,Low,Conservative,One-stop,No,Overcut,26,Hard
8,35,Cloudy,Moderate,High,Conservative,One-stop,No,Overcut,62,Medium
17,42,Rainy,Rough,Low,Balanced,Three-stop,No,Undercut,53,Wet
46,21,Rainy,Moderate,High,Aggressive,Three-stop,Yes,Overcut,24,Wet
50,30,Cloudy,Smooth,Medium,Balanced,Two-stop,No,Neutral,20,Medium
23,29,Rainy,Moderate,High,Aggressive,Two-stop,Yes,Neutral,47,Wet
13,30,Cloudy,Moderate,Medium,Conservative,Two-stop,Yes,Overcut,57,Medium
38,43,Mixed,Moderate,Low,Balanced,Three-stop,Yes,Neutral,32,Intermediate
66,22,Mixed,Rough,Low,Balanced,One-stop,Yes,Neutral,4,Intermediate
19,21,Mixed,Rough,Low,Balanced,Two-stop,Yes,Neutral,51,Intermediate
8,31,Sunny,Rough,Medium,Aggressive,One-stop,No,Neutral,62,Medium
10,42,Rainy,Smooth,High,Conservative,Two-stop,No,Overcut,60,Wet
56,24,Sunny,Moderate,High,Balanced,One-stop,Yes,Neutral,14,Soft
9,19,Sunny,Smooth,Low,Balanced,Two-stop,No,Undercut,61,Medium
18,39,Sunny,Rough,Low,Balanced,Three-stop,No,Overcut,52,Hard
16,17,Mixed,Moderate,High,Balanced,One-stop,No,Neutral,54,Intermediate
20,11,Mixed,Rough,High,Conservative,One-stop,Yes,Undercut,50,Intermediate
55,28,Sunny,Smooth,Low,Conservative,Three-stop,No,Undercut,15,Medium
47,36,Sunny,Smooth,Medium,Conservative,One-stop,No,Undercut,23,Hard
7,11,Mixed,Smooth,Low,Balanced,One-stop,No,Neutral,63,Intermediate
1,44,Rainy,Rough,Medium,Conservative,Three-stop,Yes,Undercut,69,Wet
68,16,Cloudy,Rough,Medium,Conservative,Three-stop,No,Neutral,2,Soft
11,13,Mixed,Rough,Medium,Conservative,One-stop,Yes,Neutral,59,Intermediate
58,32,Sunny,Rough,Low,Conservative,Two-stop,No,Undercut,12,Soft
45,29,Mixed,Rough,Medium,Conservative,Two-stop,Yes,Overcut,25,Intermediate
50,16,Cloudy,Smooth,Low,Conservative,Three-stop,No,Undercut,20,Medium
54,42,Sunny,Smooth,Medium,Aggressive,One-stop,No,Overcut,16,Medium
49,30,Cloudy,Rough,High,Balanced,Two-stop,No,Overcut,21,Soft
36,34,Rainy,Rough,High,Conservative,Three-stop,No,Undercut,34,Wet
63,41,Sunny,Moderate,High,Aggressive,Three-stop,Yes,Neutral,7,Soft
17,30,Rainy,Rough,High,Balanced,Three-stop,No,Overcut,53,Wet
33,28,Cloudy,Rough,Low,Aggressive,Three-stop,Yes,Undercut,37,Soft
4,35,Sunny,Moderate,Medium,Balanced,Two-stop,Yes,Neutral,66,Medium
9,34,Cloudy,Moderate,Medium,Conservative,Two-stop,No,Undercut,61,Medium
21,18,Rainy,Moderate,Medium,Balanced,Three-stop,Yes,Undercut,49,Wet
62,13,Mixed,Moderate,Low,Balanced,One-stop,No,Undercut,8,Intermediate
1,44,Rainy,Rough,Medium,Aggressive,Three-stop,No,Overcut,69,Wet
49,41,Rainy,Moderate,High,Aggressive,Three-stop,Yes,Neutral,21,Wet
51,27,Sunny,Rough,High,Balanced,Two-stop,Yes,Undercut,19,Soft
47,34,Sunny,Smooth,Low,Balanced,Two-stop,Yes,Overcut,23,Medium
7,20,Cloudy,Smooth,High,Aggressive,One-stop,No,Overcut,63,Hard
60,34,Rainy,Rough,Low,Aggressive,One-stop,No,Neutral,10,Wet
7,22,Rainy,Rough,High,Balanced,One-stop,Yes,Undercut,63,Wet
34,12,Sunny,Smooth,Medium,Balanced,One-stop,No,Neutral,36,Medium
42,41,Sunny,Moderate,High,Aggressive,One-stop,Yes,Overcut,28,Medium
65,18,Rainy,Rough,Low,Conservative,Two-stop,No,Overcut,5,Wet
47,25,Sunny,Smooth,Medium,Conservative,Three-stop,No,Undercut,23,Medium
40,22,Mixed,Smooth,Medium,Balanced,Two-stop,Yes,Neutral,30,Intermediate
31,21,Mixed,Smooth,Medium,Conservative,One-stop,No,Undercut,39,Intermediate
16,35,Sunny,Smooth,Medium,Conservative,Three-stop,No,Overcut,54,Medium
27,24,Rainy,Rough,Low,Conservative,One-stop,Yes,Neutral,43,Wet
6,27,Mixed,Rough,Low,Conservative,Three-stop,No,Undercut,64,Intermediate
56,39,Sunny,Rough,High,Conservative,Two-stop,Yes,Neutral,14,Soft
67,11,Cloudy,Smooth,High,Balanced,One-stop,Yes,Undercut,3,Soft
38,20,Rainy,Moderate,Medium,Aggressive,One-stop,No,Undercut,32,Wet
23,10,Sunny,Moderate,Medium,Conservative,One-stop,Yes,Neutral,47,Hard
57,10,Mixed,Smooth,Medium,Balanced,Two-stop,No,Neutral,13,Intermediate
32,39,Rainy,Moderate,High,Conservative,Three-stop,Yes,Neutral,38,Wet
2,34,Sunny,Moderate,High,Conservative,Two-stop,Yes,Undercut,68,Medium
56,22,Mixed,Rough,Medium,Balanced,Three-stop,Yes,Undercut,14,Intermediate
18,12,Rainy,Rough,High,Balanced,Three-stop,Yes,Overcut,52,Wet
29,10,Mixed,Moderate,High,Conservative,Two-stop,No,Undercut,41,Intermediate
3,28,Cloudy,Moderate,High,Conservative,Two-stop,No,Neutral,67,Medium
15,16,Cloudy,Rough,Medium,Balanced,One-stop,Yes,Undercut,55,Medium
48,24,Sunny,Smooth,High,Aggressive,Three-stop,No,Overcut,22,Medium
64,22,Rainy,Moderate,Low,Aggressive,One-stop,Yes,Overcut,6,Wet
9,34,Rainy,Moderate,Medium,Conservative,Two-stop,Yes,Overcut,61,Wet
49,39,Cloudy,Moderate,Medium,Aggressive,Two-stop,Yes,Undercut,21,Soft
24,42,Rainy,Smooth,Low,Aggressive,Three-stop,Yes,Undercut,46,Wet
14,30,Rainy,Moderate,Low,Balanced,Two-stop,Yes,Overcut,56,Wet
4,17,Mixed,Moderate,High,Aggressive,Two-stop,Yes,Undercut,66,Intermediate
50,11,Sunny,Smooth,Low,Aggressive,Three-stop,Yes,Undercut,20,Medium
52,30,Sunny,Smooth,Low,Balanced,Two-stop,No,Overcut,18,Medium
66,24,Rainy,Smooth,High,Conservative,Three-stop,Yes,Overcut,4,Wet
4,37,Cloudy,Moderate,High,Aggressive,One-stop,No,Undercut,66,Medium
3,39,Sunny,Rough,Medium,Balanced,One-stop,Yes,Overcut,67,Hard
13,31,Cloudy,Rough,Medium,Conservative,Three-stop,Yes,Undercut,57,Soft
19,14,Mixed,Smooth,High,Balanced,One-stop,No,Neutral,51,Intermediate
20,12,Cloudy,Moderate,Low,Conservative,Two-stop,No,Overcut,50,Medium
34,14,Rainy,Smooth,Low,Balanced,One-stop,Yes,Undercut,36,Wet
52,44,Sunny,Moderate,Medium,Balanced,Two-stop,No,Undercut,18,Hard
10,17,Rainy,Rough,Medium,Balanced,Three-stop,Yes,Overcut,60,Wet
2,18,Rainy,Smooth,Low,Balanced,Three-stop,No,Neutral,68,Wet
38,29,Cloudy,Rough,Medium,Balanced,One-stop,No,Neutral,32,Medium
4,26,Cloudy,Moderate,High,Balanced,Three-stop,No,Neutral,66,Medium
57,23,Cloudy,Rough,Low,Conservative,Two-stop,No,Overcut,13,Soft
61,11,Cloudy,Smooth,Medium,Conservative,One-stop,No,Undercut,9,Soft
64,25,Sunny,Rough,Medium,Conservative,One-stop,No,Undercut,6,Soft
14,19,Mixed,Moderate,High,Aggressive,Two-stop,No,Undercut,56,Intermediate
20,34,Mixed,Moderate,Low,Conservative,Two-stop,Yes,Overcut,50,Intermediate
1,30,Rainy,Smooth,High,Conservative,Three-stop,Yes,Undercut,69,Wet
56,33,Mixed,Rough,Medium,Conservative,Two-stop,No,Overcut,14,Intermediate
6,42,Mixed,Moderate,High,Conservative,Three-stop,No,Undercut,64,Intermediate
63,22,Mixed,Moderate,High,Aggressive,Two-stop,Yes,Neutral,7,Intermediate
46,32,Mixed,Rough,Medium,Aggressive,One-stop,Yes,Neutral,24,Intermediate
38,20,Rainy,Rough,Medium,Aggressive,Two-stop,No,Overcut,32,Wet
36,13,Sunny,Smooth,Medium,Conservative,One-stop,Yes,Overcut,34,Hard
29,19,Mixed,Smooth,Medium,Conservative,Two-stop,No,Undercut,41,Intermediate
2,43,Sunny,Moderate,Low,Balanced,One-stop,No,Neutral,68,Hard
60,14,Mixed,Rough,Medium,Aggressive,One-stop,Yes,Overcut,10,Intermediate
67,20,Cloudy,Rough,High,Conservative,One-stop,No,Overcut,3,Soft
57,41,Sunny,Moderate,Medium,Aggressive,Three-stop,Yes,Neutral,13,Soft
35,29,Rainy,Moderate,High,Aggressive,Three-stop,Yes,Neutral,35,Wet
21,13,Cloudy,Smooth,Medium,Aggressive,One-stop,No,Neutral,49,Medium
39,41,Cloudy,Moderate,Low,Balanced,Two-stop,Yes,Undercut,31,Hard
52,25,Cloudy,Rough,Medium,Conservative,Two-stop,No,Neutral,18,Medium
58,42,Sunny,Rough,High,Aggressive,One-stop,No,Undercut,12,Soft
62,13,Mixed,Moderate,High,Balanced,Three-stop,No,Neutral,8,Intermediate
49,36,Sunny,Moderate,Medium,Aggressive,Three-stop,No,Neutral,21,Soft
51,16,Mixed,Rough,Medium,Balanced,Two-stop,Yes,Overcut,19,Intermediate
49,43,Mixed,Smooth,High,Balanced,Three-stop,Yes,Overcut,21,Intermediate
34,15,Sunny,Moderate,High,Balanced,Two-stop,Yes,Neutral,36,Medium
58,41,Rainy,Smooth,High,Aggressive,Three-stop,Yes,Neutral,12,Wet
5,38,Rainy,Smooth,High,Aggressive,Three-stop,No,Overcut,65,Wet
1,34,Cloudy,Smooth,High,Aggressive,Two-stop,Yes,Neutral,69,Medium
57,32,Mixed,Moderate,High,Aggressive,Three-stop,No,Overcut,13,Intermediate
2,18,Sunny,Rough,High,Conservative,Two-stop,Yes,Undercut,68,Medium
38,22,Rainy,Smooth,Medium,Conservative,Two-stop,Yes,Undercut,32,Wet
32,34,Rainy,Smooth,Low,Conservative,One-stop,No,Neutral,38,Wet
3,13,Sunny,Smooth,Medium,Aggressive,Three-stop,Yes,Neutral,67,Medium
1,14,Sunny,Rough,Medium,Balanced,One-stop,No,Neutral,69,Medium
64,40,Mixed,Moderate,High,Aggressive,One-stop,Yes,Overcut,6,Intermediate
66,43,Mixed,Moderate,Medium,Conservative,Three-stop,Yes,Undercut,4,Intermediate
13,31,Cloudy,Rough,Low,Balanced,One-stop,No,Undercut,57,Medium
43,42,Rainy,Moderate,High,Aggressive,Two-stop,No,Neutral,27,Wet
62,17,Rainy,Smooth,High,Balanced,One-stop,Yes,Overcut,8,Wet
33,20,Cloudy,Moderate,Medium,Balanced,One-stop,Yes,Overcut,37,Medium
32,29,Cloudy,Smooth,Medium,Aggressive,Three-stop,No,Overcut,38,Medium
12,21,Mixed,Moderate,Medium,Conservative,Two-stop,Yes,Neutral,58,Intermediate
64,43,Sunny,Smooth,High,Conservative,Three-stop,Yes,Overcut,6,Soft
36,41,Sunny,Rough,Low,Conservative,Three-stop,Yes,Neutral,34,Hard
1,37,Sunny,Moderate,Low,Conservative,One-stop,Yes,Overcut,69,Hard
13,13,Sunny,Moderate,Low,Aggressive,Two-stop,No,Overcut,57,Medium
25,43,Mixed,Smooth,Medium,Conservative,One-stop,No,Overcut,45,Intermediate
68,27,Mixed,Rough,High,Balanced,One-stop,Yes,Undercut,2,Intermediate
36,21,Sunny,Moderate,Medium,Aggressive,Three-stop,No,Overcut,34,Medium
62,27,Mixed,Rough,Medium,Conservative,Three-stop,Yes,Undercut,8,Intermediate
4,41,Sunny,Smooth,Medium,Aggressive,One-stop,No,Neutral,66,Medium
29,20,Mixed,Smooth,Low,Aggressive,Three-stop,No,Undercut,41,Intermediate
1,32,Rainy,Smooth,Medium,Conservative,One-stop,No,Undercut,69,Wet
17,41,Mixed,Rough,Medium,Conservative,One-stop,Yes,Neutral,53,Intermediate
57,31,Cloudy,Rough,Medium,Conservative,Three-stop,Yes,Undercut,13,Soft
59,18,Mixed,Rough,Low,Balanced,Two-stop,No,Undercut,11,Intermediate
61,38,Cloudy,Smooth,Low,Aggressive,Two-stop,Yes,Overcut,9,Soft
67,44,Rainy,Smooth,High,Aggressive,Two-stop,Yes,Undercut,3,Wet
54,28,Cloudy,Smooth,Low,Balanced,One-stop,Yes,Undercut,16,Medium
38,12,Rainy,Smooth,High,Aggressive,Two-stop,No,Neutral,32,Wet
51,14,Mixed,Smooth,Medium,Conservative,One-stop,Yes,Undercut,19,Intermediate
33,18,Rainy,Moderate,Medium,Balanced,One-stop,Yes,Undercut,37,Wet
17,16,Sunny,Smooth,Medium,Aggressive,Three-stop,Yes,Neutral,53,Medium
5,12,Rainy,Moderate,Low,Balanced,Two-stop,Yes,Overcut,65,Wet
5,12,Rainy,Moderate,Medium,Conservative,Two-stop,Yes,Undercut,65,Wet
24,33,Rainy,Smooth,Low,Balanced,Three-stop,Yes,Neutral,46,Wet
67,19,Sunny,Smooth,Low,Conservative,Three-stop,No,Neutral,3,Soft
45,23,Cloudy,Smooth,Medium,Balanced,Two-stop,Yes,Overcut,25,Medium
33,27,Cloudy,Moderate,Low,Aggressive,One-stop,No,Overcut,37,Medium
67,21,Rainy,Smooth,Low,Conservative,Two-stop,No,Neutral,3,Wet
9,37,Mixed,Moderate,High,Balanced,Three-stop,No,Overcut,61,Intermediate
61,27,Cloudy,Smooth,Low,Conservative,Two-stop,No,Overcut,9,Soft
43,26,Sunny,Smooth,High,Balanced,Three-stop,No,Overcut,27,Medium
57,34,Sunny,Moderate,Medium,Balanced,Three-stop,Yes,Neutral,13,Soft
33,24,Rainy,Rough,Low,Balanced,Three-stop,No,Neutral,37,Wet
13,42,Cloudy,Smooth,Medium,Aggressive,Two-stop,No,Undercut,57,Soft
51,18,Cloudy,Moderate,Medium,Conservative,One-stop,No,Neutral,19,Hard
8,13,Cloudy,Rough,Low,Aggressive,Two-stop,Yes,Overcut,62,Medium
69,33,Rainy,Rough,Low,Aggressive,One-stop,No,Neutral,1,Wet
37,26,Mixed,Rough,High,Balanced,Three-stop,Yes,Neutral,33,Intermediate
47,27,Mixed,Moderate,Low,Balanced,Three-stop,No,Overcut,23,Intermediate
48,17,Cloudy,Smooth,Low,Aggressive,Two-stop,No,Neutral,22,Medium
40,39,Rainy,Moderate,Medium,Balanced,Two-stop,Yes,Undercut,30,Wet
28,43,Sunny,Rough,High,Balanced,Two-stop,Yes,Neutral,42,Hard
52,15,Rainy,Smooth,High,Conservative,One-stop,Yes,Undercut,18,Wet
21,30,Sunny,Rough,Low,Conservative,Two-stop,No,Overcut,49,Soft
34,31,Cloudy,Moderate,Medium,Aggressive,Two-stop,Yes,Undercut,36,Medium
53,41,Sunny,Smooth,Low,Conservative,Three-stop,Yes,Overcut,17,Hard
26,18,Rainy,Moderate,High,Conservative,Two-stop,Yes,Undercut,44,Wet
26,21,Sunny,Rough,High,Balanced,Two-stop,No,Neutral,44,Medium
46,36,Mixed,Smooth,High,Balanced,Three-stop,No,Overcut,24,Intermediate
68,23,Sunny,Rough,High,Aggressive,One-stop,Yes,Undercut,2,Soft
34,24,Mixed,Smooth,Low,Aggressive,Three-stop,Yes,Overcut,36,Intermediate
23,30,Cloudy,Smooth,Low,Balanced,Three-stop,No,Undercut,47,Medium
17,15,Cloudy,Rough,Medium,Conservative,Two-stop,No,Neutral,53,Medium
10,24,Sunny,Moderate,Low,Conservative,Two-stop,No,Neutral,60,Medium
2,31,Mixed,Moderate,Medium,Balanced,Three-stop,Yes,Overcut,68,Intermediate
14,21,Mixed,Moderate,Medium,Aggressive,One-stop,No,Undercut,56,Intermediate
4,26,Mixed,Moderate,Low,Conservative,Three-stop,Yes,Neutral,66,Intermediate
53,27,Rainy,Smooth,High,Balanced,One-stop,No,Undercut,17,Wet
27,19,Cloudy,Smooth,Low,Conservative,Three-stop,No,Neutral,43,Medium
1,29,Rainy,Smooth,Low,Conservative,One-stop,No,Undercut,69,Wet
38,23,Cloudy,Rough,Medium,Balanced,Two-stop,No,Overcut,32,Medium
25,35,Rainy,Rough,High,Aggressive,One-stop,No,Neutral,45,Wet
7,10,Sunny,Moderate,Medium,Conservative,One-stop,Yes,Undercut,63,Hard
20,38,Rainy,Rough,Low,Aggressive,Two-stop,Yes,Neutral,50,Wet
63,28,Cloudy,Smooth,High,Aggressive,Two-stop,Yes,Neutral,7,Soft
5,32,Mixed,Smooth,High,Balanced,Two-stop,No,Neutral,65,Intermediate
36,30,Sunny,Smooth,High,Conservative,One-stop,Yes,Undercut,34,Medium
39,39,Sunny,Rough,Medium,Balanced,Two-stop,Yes,Overcut,31,Hard
61,11,Sunny,Moderate,High,Balanced,Three-stop,Yes,Undercut,9,Soft
29,39,Mixed,Smooth,Medium,Conservative,One-stop,No,Undercut,41,Intermediate
10,14,Cloudy,Moderate,High,Aggressive,One-stop,No,Undercut,60,Hard
55,35,Cloudy,Moderate,High,Conservative,Three-stop,Yes,Overcut,15,Medium
3,31,Rainy,Smooth,High,Aggressive,Three-stop,Yes,Overcut,67,Wet
37,21,Cloudy,Smooth,Medium,Conservative,Two-stop,Yes,Neutral,33,Medium
28,21,Cloudy,Moderate,High,Conservative,Two-stop,No,Neutral,42,Medium
27,26,Cloudy,Rough,Medium,Conservative,Three-stop,No,Undercut,43,Soft
68,40,Mixed,Moderate,Medium,Balanced,Three-stop,No,Undercut,2,Intermediate
2,38,Cloudy,Smooth,Low,Aggressive,Two-stop,Yes,Overcut,68,Soft
31,20,Cloudy,Smooth,High,Conservative,Three-stop,Yes,Overcut,39,Medium
18,43,Sunny,Smooth,High,Balanced,One-stop,Yes,Overcut,52,Hard
28,29,Cloudy,Moderate,Low,Conservative,One-stop,No,Overcut,42,Medium
69,39,Mixed,Moderate,Low,Balanced,Three-stop,Yes,Overcut,1,Intermediate
1,38,Cloudy,Moderate,Medium,Conservative,Two-stop,No,Undercut,69,Hard
1,37,Sunny,Rough,Low,Aggressive,One-stop,Yes,Overcut,69,Medium
26,11,Cloudy,Rough,High,Conservative,Three-stop,No,Neutral,44,Medium
8,23,Sunny,Smooth,Medium,Conservative,Two-stop,Yes,Undercut,62,Medium
40,32,Cloudy,Moderate,High,Conservative,Two-stop,No,Overcut,30,Medium
51,30,Sunny,Smooth,Low,Aggressive,One-stop,Yes,Overcut,19,Medium
35,30,Sunny,Smooth,Low,Aggressive,Two-stop,No,Undercut,35,Medium
49,34,Rainy,Moderate,High,Aggressive,Two-stop,Yes,Undercut,21,Wet
8,14,Sunny,Rough,Low,Balanced,Two-stop,No,Neutral,62,Medium
5,19,Rainy,Moderate,Low,Balanced,One-stop,Yes,Overcut,65,Wet
6,38,Sunny,Moderate,Low,Aggressive,Three-stop,No,Overcut,64,Soft
39,35,Mixed,Smooth,Low,Aggressive,Two-stop,No,Neutral,31,Intermediate
35,28,Mixed,Smooth,Low,Balanced,Three-stop,No,Undercut,35,Intermediate
47,10,Mixed,Rough,High,Aggressive,Three-stop,No,Neutral,23,Intermediate
54,41,Rainy,Smooth,Low,Balanced,Two-stop,No,Undercut,16,Wet
3,33,Sunny,Rough,Medium,Aggressive,One-stop,No,Overcut,67,Medium
61,30,Cloudy,Moderate,High,Conservative,Two-stop,Yes,Undercut,9,Soft
35,25,Mixed,Rough,Medium,Conservative,Three-stop,Yes,Neutral,35,Intermediate
65,41,Cloudy,Moderate,Medium,Balanced,Three-stop,No,Overcut,5,Soft
40,22,Cloudy,Rough,High,Aggressive,Three-stop,Yes,Neutral,30,Medium
5,15,Mixed,Rough,Low,Aggressive,Three-stop,Yes,Neutral,65,Intermediate
54,12,Rainy,Smooth,Low,Balanced,Two-stop,Yes,Undercut,16,Wet
24,21,Cloudy,Moderate,Low,Conservative,Three-stop,Yes,Undercut,46,Medium
65,14,Cloudy,Smooth,Medium,Conservative,One-stop,Yes,Overcut,5,Soft
27,17,Mixed,Smooth,Low,Balanced,One-stop,Yes,Overcut,43,Intermediate
63,44,Cloudy,Moderate,High,Conservative,Two-stop,Yes,Undercut,7,Soft
30,43,Rainy,Moderate,High,Conservative,One-stop,Yes,Neutral,40,Wet
26,37,Mixed,Smooth,Medium,Conservative,One-stop,No,Undercut,44,Intermediate
33,29,Cloudy,Smooth,High,Conservative,Three-stop,Yes,Overcut,37,Medium
31,27,Mixed,Smooth,Low,Aggressive,Two-stop,No,Neutral,39,Intermediate
3,17,Mixed,Smooth,High,Aggressive,One-stop,No,Overcut,67,Intermediate
3,25,Rainy,Rough,Low,Conservative,One-stop,No,Undercut,67,Wet
14,32,Sunny,Smooth,High,Conservative,Two-stop,No,Undercut,56,Medium
36,19,Cloudy,Rough,Medium,Aggressive,One-stop,Yes,Neutral,34,Medium
55,17,Rainy,Moderate,High,Balanced,Three-stop,Yes,Undercut,15,Wet
2,21,Mixed,Rough,Medium,Balanced,Two-stop,No,Overcut,68,Intermediate
25,17,Sunny,Smooth,Low,Conservative,Three-stop,Yes,Neutral,45,Medium
36,21,Sunny,Rough,Low,Balanced,Two-stop,Yes,Undercut,34,Medium
7,15,Mixed,Smooth,High,Balanced,Three-stop,No,Neutral,63,Intermediate
60,32,Rainy,Moderate,Low,Aggressive,One-stop,No,Overcut,10,Wet
38,24,Sunny,Moderate,High,Balanced,Three-stop,Yes,Overcut,32,Medium
69,18,Cloudy,Moderate,Medium,Aggressive,One-stop,Yes,Overcut,1,Soft
3,44,Sunny,Moderate,Medium,Balanced,One-stop,No,Neutral,67,Hard
51,35,Mixed,Smooth,High,Conservative,Two-stop,No,Undercut,19,Intermediate
40,17,Cloudy,Smooth,Low,Aggressive,Two-stop,No,Undercut,30,Medium
67,43,Mixed,Smooth,Low,Conservative,One-stop,Yes,Undercut,3,Intermediate
19,43,Rainy,Rough,Low,Balanced,One-stop,Yes,Neutral,51,Wet
15,17,Rainy,Rough,High,Balanced,Two-stop,Yes,Overcut,55,Wet
58,39,Cloudy,Moderate,High,Balanced,Three-stop,No,Overcut,12,Soft
42,43,Mixed,Moderate,Low,Aggressive,Three-stop,No,Overcut,28,Intermediate
10,42,Mixed,Smooth,Medium,Conservative,One-stop,Yes,Undercut,60,Intermediate
56,31,Sunny,Rough,Medium,Conservative,Three-stop,Yes,Overcut,14,Soft
33,17,Sunny,Rough,Medium,Balanced,One-stop,Yes,Neutral,37,Medium
26,42,Sunny,Moderate,High,Conservative,Two-stop,No,Undercut,44,Hard
1,24,Cloudy,Moderate,High,Conservative,Three-stop,No,Undercut,69,Medium
37,32,Rainy,Smooth,Low,Balanced,One-stop,No,Overcut,33,Wet
15,43,Sunny,Moderate,Medium,Conservative,One-stop,No,Neutral,55,Hard
50,37,Sunny,Moderate,High,Balanced,Two-stop,No,Overcut,20,Hard
19,12,Sunny,Rough,Low,Balanced,Two-stop,Yes,Undercut,51,Medium
30,44,Cloudy,Rough,Low,Balanced,One-stop,Yes,Undercut,40,Hard
35,43,Mixed,Smooth,High,Conservative,Three-stop,Yes,Undercut,35,Intermediate
47,10,Mixed,Smooth,High,Balanced,One-stop,Yes,Undercut,23,Intermediate
5,31,Cloudy,Smooth,Medium,Aggressive,Two-stop,No,Undercut,65,Medium
55,38,Mixed,Moderate,Medium,Aggressive,Three-stop,No,Overcut,15,Intermediate
40,31,Rainy,Rough,High,Aggressive,One-stop,No,Overcut,30,Wet
17,15,Mixed,Rough,Low,Balanced,Two-stop,No,Overcut,53,Intermediate
21,19,Rainy,Rough,Medium,Balanced,Two-stop,Yes,Neutral,49,Wet
54,41,Rainy,Moderate,Low,Balanced,One-stop,Yes,Neutral,16,Wet
53,31,Sunny,Smooth,Medium,Balanced,Two-stop,Yes,Neutral,17,Medium
45,43,Cloudy,Rough,Low,Conservative,Three-stop,Yes,Undercut,25,Hard
1,23,Sunny,Rough,High,Aggressive,Three-stop,No,Neutral,69,Medium
11,16,Sunny,Rough,High,Balanced,Three-stop,No,Neutral,59,Medium
44,42,Sunny,Smooth,Low,Conservative,Three-stop,No,Neutral,26,Hard
66,20,Rainy,Moderate,High,Conservative,Three-stop,No,Overcut,4,Wet
14,40,Cloudy,Rough,Medium,Conservative,Three-stop,No,Neutral,56,Hard
54,30,Cloudy,Moderate,High,Aggressive,Two-stop,No,Undercut,16,Medium
51,22,Sunny,Rough,Medium,Conservative,One-stop,No,Overcut,19,Hard
63,29,Rainy,Rough,Low,Conservative,Three-stop,No,Undercut,7,Wet
47,44,Mixed,Moderate,Medium,Aggressive,Three-stop,Yes,Neutral,23,Intermediate
62,36,Rainy,Rough,Medium,Balanced,Three-stop,No,Overcut,8,Wet
3,34,Sunny,Rough,Low,Conservative,One-stop,No,Neutral,67,Medium
7,29,Sunny,Rough,Low,Balanced,One-stop,Yes,Neutral,63,Medium
18,13,Mixed,Rough,Low,Conservative,Two-stop,No,Undercut,52,Intermediate
4,33,Rainy,Smooth,Medium,Balanced,One-stop,Yes,Overcut,66,Wet
40,28,Rainy,Smooth,Medium,Aggressive,One-stop,No,Overcut,30,Wet
18,17,Sunny,Smooth,Low,Balanced,Two-stop,No,Overcut,52,Medium
42,21,Sunny,Moderate,Low,Aggressive,One-stop,No,Overcut,28,Medium
1,33,Cloudy,Smooth,Medium,Balanced,One-stop,Yes,Overcut,69,Medium
51,17,Cloudy,Rough,Low,Aggressive,Two-stop,Yes,Neutral,19,Medium
11,23,Mixed,Smooth,Medium,Balanced,Two-stop,No,Overcut,59,Intermediate
18,23,Rainy,Rough,Medium,Aggressive,One-stop,No,Undercut,52,Wet
37,44,Cloudy,Smooth,High,Aggressive,Three-stop,No,Undercut,33,Soft
44,19,Mixed,Smooth,High,Balanced,One-stop,No,Overcut,26,Intermediate
66,15,Mixed,Smooth,Medium,Conservative,Three-stop,Yes,Overcut,4,Intermediate
6,14,Rainy,Moderate,High,Balanced,Three-stop,Yes,Undercut,64,Wet
44,17,Rainy,Moderate,Medium,Balanced,One-stop,No,Overcut,26,Wet
34,16,Sunny,Smooth,Low,Aggressive,Three-stop,Yes,Overcut,36,Medium
37,42,Cloudy,Moderate,High,Conservative,One-stop,No,Overcut,33,Hard
51,23,Mixed,Smooth,Medium,Conservative,One-stop,Yes,Neutral,19,Intermediate
9,30,Sunny,Smooth,Low,Balanced,One-stop,Yes,Overcut,61,Medium
42,24,Mixed,Smooth,Medium,Conservative,Three-stop,Yes,Undercut,28,Intermediate
26,40,Mixed,Smooth,High,Balanced,Two-stop,Yes,Undercut,44,Intermediate
35,22,Sunny,Smooth,Low,Aggressive,One-stop,No,Neutral,35,Medium
15,11,Mixed,Moderate,High,Balanced,Two-stop,No,Overcut,55,Intermediate
32,14,Mixed,Moderate,High,Aggressive,Two-stop,No,Undercut,38,Intermediate
54,32,Mixed,Rough,Medium,Aggressive,Three-stop,Yes,Undercut,16,Intermediate
65,33,Mixed,Moderate,High,Balanced,Three-stop,No,Overcut,5,Intermediate
35,34,Rainy,Moderate,Medium,Aggressive,Three-stop,Yes,Undercut,35,Wet
48,26,Mixed,Rough,Medium,Balanced,Three-stop,No,Overcut,22,Intermediate
39,30,Sunny,Smooth,High,Balanced,Two-stop,No,Overcut,31,Medium
35,12,Mixed,Smooth,Medium,Aggressive,Three-stop,Yes,Undercut,35,Intermediate
44,14,Cloudy,Rough,Low,Balanced,One-stop,Yes,Undercut,26,Medium
12,35,Cloudy,Rough,Low,Conservative,One-stop,Yes,Overcut,58,Medium
53,27,Cloudy,Moderate,High,Balanced,Two-stop,No,Neutral,17,Medium
69,38,Cloudy,Smooth,High,Conservative,One-stop,No,Neutral,1,Soft
23,33,Mixed,Rough,High,Aggressive,Three-stop,No,Overcut,47,Intermediate
58,20,Cloudy,Moderate,High,Conservative,Three-stop,Yes,Undercut,12,Soft
47,15,Sunny,Smooth,High,Balanced,Two-stop,Yes,Overcut,23,Medium
11,38,Mixed,Moderate,Low,Balanced,Two-stop,No,Overcut,59,Intermediate
1,30,Rainy,Rough,Low,Aggressive,Two-stop,No,Undercut,69,Wet
49,31,Sunny,Moderate,Medium,Conservative,One-stop,Yes,Neutral,21,Medium
27,22,Cloudy,Smooth,High,Conservative,Two-stop,No,Neutral,43,Medium
60,26,Rainy,Rough,Low,Conservative,One-stop,No,Overcut,10,Wet
58,20,Mixed,Smooth,Medium,Balanced,Three-stop,No,Undercut,12,Intermediate
5,37,Mixed,Moderate,High,Aggressive,One-stop,No,Overcut,65,Intermediate
12,17,Mixed,Moderate,High,Aggressive,Two-stop,Yes,Neutral,58,Intermediate
67,11,Rainy,Rough,Medium,Balanced,One-stop,Yes,Overcut,3,Wet
56,10,Rainy,Smooth,Low,Aggressive,Three-stop,No,Undercut,14,Wet
13,31,Sunny,Smooth,Low,Conservative,Two-stop,Yes,Overcut,57,Medium
36,32,Rainy,Smooth,Medium,Balanced,One-stop,No,Overcut,34,Wet
51,18,Rainy,Smooth,High,Conservative,Two-stop,No,Overcut,19,Wet
6,25,Cloudy,Moderate,Low,Conservative,Two-stop,Yes,Undercut,64,Medium
31,13,Sunny,Rough,High,Aggressive,One-stop,Yes,Undercut,39,Hard
68,24,Sunny,Rough,Low,Aggressive,Three-stop,No,Overcut,2,Soft
33,32,Cloudy,Smooth,Medium,Conservative,One-stop,No,Overcut,37,Medium
57,12,Sunny,Smooth,Medium,Conservative,Three-stop,Yes,Undercut,13,Soft
21,41,Cloudy,Moderate,Low,Balanced,One-stop,Yes,Overcut,49,Hard
63,32,Sunny,Smooth,Low,Aggressive,Two-stop,No,Overcut,7,Soft
37,44,Mixed,Smooth,Low,Conservative,Two-stop,Yes,Overcut,33,Intermediate
18,43,Cloudy,Smooth,Low,Balanced,Two-stop,Yes,Overcut,52,Hard
38,27,Rainy,Smooth,Low,Aggressive,One-stop,Yes,Overcut,32,Wet
50,17,Cloudy,Moderate,Low,Balanced,Two-stop,No,Neutral,20,Medium
34,44,Rainy,Rough,Low,Conservative,Two-stop,No,Neutral,36,Wet
10,16,Cloudy,Rough,Medium,Conservative,Three-stop,No,Undercut,60,Medium
29,24,Rainy,Smooth,Low,Conservative,Two-stop,Yes,Undercut,41,Wet
56,37,Cloudy,Moderate,High,Conservative,One-stop,Yes,Overcut,14,Soft
32,34,Cloudy,Smooth,Medium,Balanced,Three-stop,Yes,Overcut,38,Medium
34,30,Mixed,Rough,Medium,Conservative,Two-stop,Yes,Undercut,36,Intermediate
5,38,Mixed,Moderate,Low,Balanced,Three-stop,Yes,Undercut,65,Intermediate
33,29,Sunny,Rough,Medium,Balanced,One-stop,Yes,Neutral,37,Medium
36,44,Rainy,Rough,Medium,Balanced,One-stop,Yes,Undercut,34,Wet
12,11,Sunny,Moderate,Low,Balanced,One-stop,No,Neutral,58,Medium
35,28,Mixed,Moderate,Medium,Aggressive,One-stop,Yes,Overcut,35,Intermediate
60,18,Mixed,Moderate,High,Aggressive,Two-stop,Yes,Neutral,10,Intermediate
22,16,Cloudy,Rough,Medium,Conservative,Two-stop,No,Undercut,48,Medium
5,34,Sunny,Rough,High,Aggressive,Three-stop,No,Neutral,65,Soft
53,25,Rainy,Moderate,Medium,Conservative,Two-stop,No,Undercut,17,Wet
32,36,Cloudy,Smooth,Low,Aggressive,Three-stop,No,Overcut,38,Soft
8,20,Cloudy,Moderate,Low,Balanced,One-stop,Yes,Undercut,62,Medium
31,38,Rainy,Smooth,High,Aggressive,Three-stop,No,Undercut,39,Wet
32,11,Sunny,Smooth,Low,Balanced,Two-stop,Yes,Overcut,38,Medium
32,37,Mixed,Smooth,Low,Aggressive,One-stop,No,Undercut,38,Intermediate
58,42,Cloudy,Moderate,Low,Conservative,Two-stop,No,Undercut,12,Soft
67,24,Rainy,Smooth,High,Conservative,One-stop,No,Overcut,3,Wet
9,37,Cloudy,Moderate,High,Aggressive,One-stop,No,Undercut,61,Medium
63,36,Mixed,Rough,Medium,Aggressive,One-stop,Yes,Undercut,7,Intermediate
51,23,Mixed,Rough,Medium,Balanced,One-stop,No,Undercut,19,Intermediate
27,24,Sunny,Moderate,Medium,Balanced,One-stop,No,Undercut,43,Medium
62,26,Sunny,Smooth,Medium,Balanced,Three-stop,Yes,Neutral,8,Soft
47,15,Rainy,Moderate,Low,Balanced,Two-stop,No,Undercut,23,Wet
60,23,Mixed,Rough,Low,Aggressive,Two-stop,No,Undercut,10,Intermediate
1,15,Cloudy,Smooth,Low,Aggressive,Three-stop,Yes,Undercut,69,Medium
10,38,Cloudy,Rough,Low,Conservative,Three-stop,No,Overcut,60,Hard
12,26,Mixed,Smooth,Medium,Balanced,Three-stop,No,Undercut,58,Intermediate
14,22,Cloudy,Rough,Medium,Conservative,Three-stop,Yes,Neutral,56,Medium
40,24,Sunny,Rough,Low,Conservative,One-stop,Yes,Overcut,30,Hard
25,23,Rainy,Smooth,High,Balanced,Three-stop,Yes,Undercut,45,Wet
46,27,Mixed,Moderate,High,Balanced,Two-stop,No,Neutral,24,Intermediate
45,18,Mixed,Smooth,Medium,Aggressive,Three-stop,Yes,Undercut,25,Intermediate
63,28,Cloudy,Moderate,Low,Conservative,One-stop,Yes,Neutral,7,Soft
42,23,Mixed,Rough,Medium,Aggressive,Three-stop,No,Undercut,28,Intermediate
67,29,Cloudy,Moderate,High,Balanced,Two-stop,Yes,Undercut,3,Soft
15,43,Cloudy,Moderate,Medium,Conservative,Three-stop,No,Neutral,55,Hard
51,35,Sunny,Moderate,High,Conservative,Three-stop,No,Neutral,19,Medium
25,22,Rainy,Moderate,High,Conservative,Three-stop,No,Undercut,45,Wet
69,44,Mixed,Moderate,Medium,Conservative,Two-stop,Yes,Undercut,1,Intermediate
59,18,Mixed,Moderate,Medium,Balanced,One-stop,No,Undercut,11,Intermediate
27,27,Rainy,Rough,High,Balanced,Three-stop,Yes,Overcut,43,Wet
